{"cameraMode":{"drawMode":0,"name":"Shaded","section":"Shading Mode"},"sceneLighting":true,"audioPlay":false,"sceneViewState":{"showFog":true,"showMaterialUpdate":false,"showSkybox":true,"showFlares":true,"showImageEffects":true,"showParticleSystems":true},"in2DMode":false,"pivot":{"x":-2.243598461151123,"y":50.008426666259769,"z":-0.013599775731563568},"rotation":{"x":-0.02135283499956131,"y":0.8537304401397705,"z":-0.03511836379766464,"w":-0.5190907120704651},"size":5.781011581420898,"orthographic":false}